year,province_code,province_name_th,province_name_en,region,gpp_total,gpp_accommodation_food
2019,10,กรุงเทพมหานคร,Bangkok,ภาคกลาง,5273402.51,1212438.11
2019,11,สมุทรปราการ,Samut Prakan,ภาคกลาง,827609.4,58504.21
2019,12,นนทบุรี,Nonthaburi,ภาคกลาง,335321.85,22665.06
2019,13,ปทุมธานี,Pathum Thani,ภาคกลาง,402752.57,29225.03
2019,14,พระนครศรีอยุธยา,Phra Nakhon Si Ayutthaya,ภาคกลาง,451820.07,32285.48
2019,15,อ่างทอง,Ang Thong,ภาคกลาง,31386.35,2300.29
2019,16,ลพบุรี,Lop Buri,ภาคกลาง,121595.72,8266.85
2019,17,สิงห์บุรี,Sing Buri,ภาคกลาง,30605.46,2074.56
2019,18,ชัยนาท,Chai Nat,ภาคกลาง,37702.45,2645.71
2019,19,สระบุรี,Saraburi,ภาคกลาง,259292.23,17771.53
2019,60,นครสวรรค์,Nakhon Sawan,ภาคกลาง,130581.64,8811.19
2019,61,อุทัยธานี,Uthai Thani,ภาคกลาง,35700.69,2465.65
2019,73,นครปฐม,Nakhon Pathom,ภาคกลาง,369349.84,26591.8
2019,74,สมุทรสาคร,Samut Sakhon,ภาคกลาง,424834.39,29780.74
2019,75,สมุทรสงคราม,Samut Songkhram,ภาคกลาง,29107.2,1945.09
2019,26,นครนายก,Nakhon Nayok,ภาคกลาง,34146.26,2311.49
2019,66,พิจิตร,Phichit,ภาคกลาง,53060.51,3880.96
2019,65,พิษณุโลก,Phitsanulok,ภาคกลาง,117141.91,8452.82
2019,67,เพชรบูรณ์,Phetchabun,ภาคกลาง,94257.53,6332.57
2019,62,กำแพงเพชร,Kamphaeng Phet,ภาคกลาง,125921.17,8761.73
2019,64,สุโขทัย,Sukhothai,ภาคกลาง,61062.65,4272.32
2019,72,สุพรรณบุรี,Suphan Buri,ภาคกลาง,100100.31,7293.83
2019,20,ชลบุรี,Chon Buri,ภาคตะวันออก,1089386.32,243560.08
2019,21,ระยอง,Rayong,ภาคตะวันออก,1042091.87,73092.82
2019,22,จันทบุรี,Chanthaburi,ภาคตะวันออก,160298.95,10867.3
2019,23,ตราด,Trat,ภาคตะวันออก,53995.52,3883.68
2019,24,ฉะเชิงเทรา,Chachoengsao,ภาคตะวันออก,386680.38,28136.33
2019,25,ปราจีนบุรี,Prachin Buri,ภาคตะวันออก,321253.12,23436.42
2019,27,สระแก้ว,Sa Kaeo,ภาคตะวันออก,70814.86,4806.34
2019,50,เชียงใหม่,Chiang Mai,ภาคเหนือ,260179.41,56239.67
2019,51,ลำพูน,Lamphun,ภาคเหนือ,90594.79,6196.63
2019,52,ลำปาง,Lampang,ภาคเหนือ,78012.51,5382.65
2019,53,อุตรดิตถ์,Uttaradit,ภาคเหนือ,42623.21,2996.36
2019,54,แพร่,Phrae,ภาคเหนือ,33511.66,2416.71
2019,55,น่าน,Nan,ภาคเหนือ,36370.33,2669.88
2019,56,พะเยา,Phayao,ภาคเหนือ,40435.59,2745.21
2019,57,เชียงราย,Chiang Rai,ภาคเหนือ,117626.51,8493.6
2019,58,แม่ฮ่องสอน,Mae Hong Son,ภาคเหนือ,16132.39,1155.13
2019,63,ตาก,Tak,ภาคตะวันตก,56607.65,3793.75
2019,70,ราชบุรี,Ratchaburi,ภาคตะวันตก,193896.03,13051.35
2019,71,กาญจนบุรี,Kanchanaburi,ภาคตะวันตก,116670.28,8267.62
2019,76,เพชรบุรี,Phetchaburi,ภาคตะวันตก,76479.17,5119.89
2019,77,ประจวบคีรีขันธ์,Prachuap Khiri Khan,ภาคตะวันตก,104206.13,7166.91
2019,80,นครศรีธรรมราช,Nakhon Si Thammarat,ภาคใต้,181653.16,12890.64
2019,81,กระบี่,Krabi,ภาคใต้,106626.29,23392.61
2019,82,พังงา,Phangnga,ภาคใต้,83706.62,18808.16
2019,83,ภูเก็ต,Phuket,ภาคใต้,242503.54,68317.07
2019,84,สุราษฎร์ธานี,Surat Thani,ภาคใต้,237547.09,52227.94
2019,85,ระนอง,Ranong,ภาคใต้,31028.19,2156.24
2019,86,ชุมพร,Chumphon,ภาคใต้,92215.58,6201.98
2019,90,สงขลา,Songkhla,ภาคใต้,264939.44,18798.74
2019,91,สตูล,Satun,ภาคใต้,37717.82,2642.51
2019,92,ตรัง,Trang,ภาคใต้,73173.79,4993.75
2019,93,พัทลุง,Phatthalung,ภาคใต้,42845.86,3075.86
2019,94,ปัตตานี,Pattani,ภาคใต้,52425.05,3514.52
2019,95,ยะลา,Yala,ภาคใต้,47596.32,3218.87
2019,96,นราธิวาส,Narathiwat,ภาคใต้,47807.83,3449.66
2019,30,นครราชสีมา,Nakhon Ratchasima,ภาคตะวันออกเฉียงเหนือ,321707.57,23356.04
2019,31,บุรีรัมย์,Buri Ram,ภาคตะวันออกเฉียงเหนือ,106275.42,7206.11
2019,32,สุรินทร์,Surin,ภาคตะวันออกเฉียงเหนือ,89381.81,6281.34
2019,33,ศรีสะเกษ,Si Sa Ket,ภาคตะวันออกเฉียงเหนือ,83008.4,6040.74
2019,34,อุบลราชธานี,Ubon Ratchathani,ภาคตะวันออกเฉียงเหนือ,134017.22,9015.39
2019,35,ยโสธร,Yasothon,ภาคตะวันออกเฉียงเหนือ,32640.87,2268.21
2019,36,ชัยภูมิ,Chaiyaphum,ภาคตะวันออกเฉียงเหนือ,74941.32,5435.13
2019,37,อำนาจเจริญ,Amnat Charoen,ภาคตะวันออกเฉียงเหนือ,22546.4,1579.94
2019,38,บึงกาฬ,Bueng Kan,ภาคตะวันออกเฉียงเหนือ,28904.2,1967.07
2019,39,หนองบัวลำภู,Nong Bua Lam Phu,ภาคตะวันออกเฉียงเหนือ,31513.43,2170.12
2019,40,ขอนแก่น,Khon Kaen,ภาคตะวันออกเฉียงเหนือ,234074.77,16095.55
2019,41,อุดรธานี,Udon Thani,ภาคตะวันออกเฉียงเหนือ,130097.71,9291.73
2019,42,เลย,Loei,ภาคตะวันออกเฉียงเหนือ,60667.26,4447.06
2019,43,หนองคาย,Nong Khai,ภาคตะวันออกเฉียงเหนือ,46850.9,3198.16
2019,44,มหาสารคาม,Maha Sarakham,ภาคตะวันออกเฉียงเหนือ,64992.85,4458.91
2019,45,ร้อยเอ็ด,Roi Et,ภาคตะวันออกเฉียงเหนือ,85259.85,5691.79
2019,46,กาฬสินธุ์,Kalasin,ภาคตะวันออกเฉียงเหนือ,64280.48,4500.84
2019,47,สกลนคร,Sakon Nakhon,ภาคตะวันออกเฉียงเหนือ,68744.14,4705.57
2019,48,นครพนม,Nakhon Phanom,ภาคตะวันออกเฉียงเหนือ,53865.52,3672.39
2019,49,มุกดาหาร,Mukdahan,ภาคตะวันออกเฉียงเหนือ,30559.67,2136.92
2020,10,กรุงเทพมหานคร,Bangkok,ภาคกลาง,5205749.93,1115723.48
2020,11,สมุทรปราการ,Samut Prakan,ภาคกลาง,795509.97,57142.54
2020,12,นนทบุรี,Nonthaburi,ภาคกลาง,324152.11,23208.49
2020,13,ปทุมธานี,Pathum Thani,ภาคกลาง,392945.79,27870.13
2020,14,พระนครศรีอยุธยา,Phra Nakhon Si Ayutthaya,ภาคกลาง,435890.81,30621.51
2020,15,อ่างทอง,Ang Thong,ภาคกลาง,30326.71,2194.05
2020,16,ลพบุรี,Lop Buri,ภาคกลาง,114791.14,7783.49
2020,17,สิงห์บุรี,Sing Buri,ภาคกลาง,29319.85,2071.04
2020,18,ชัยนาท,Chai Nat,ภาคกลาง,36873.05,2456.34
2020,19,สระบุรี,Saraburi,ภาคกลาง,250631.18,17064.34
2020,60,นครสวรรค์,Nakhon Sawan,ภาคกลาง,125982.34,8531.6
2020,61,อุทัยธานี,Uthai Thani,ภาคกลาง,34950.91,2418.85
2020,73,นครปฐม,Nakhon Pathom,ภาคกลาง,362722.68,24470.23
2020,74,สมุทรสาคร,Samut Sakhon,ภาคกลาง,411671.12,27703.13
2020,75,สมุทรสงคราม,Samut Songkhram,ภาคกลาง,28416.16,2064.19
2020,26,นครนายก,Nakhon Nayok,ภาคกลาง,32441.82,2307.26
2020,66,พิจิตร,Phichit,ภาคกลาง,52689.19,3708.6
2020,65,พิษณุโลก,Phitsanulok,ภาคกลาง,110933.91,7564.91
2020,67,เพชรบูรณ์,Phetchabun,ภาคกลาง,90042.73,6553.36
2020,62,กำแพงเพชร,Kamphaeng Phet,ภาคกลาง,122366.51,8679.67
2020,64,สุโขทัย,Sukhothai,ภาคกลาง,59352.36,4092.02
2020,72,สุพรรณบุรี,Suphan Buri,ภาคกลาง,99165.25,7217.22
2020,20,ชลบุรี,Chon Buri,ภาคตะวันออก,1076260.14,243404.05
2020,21,ระยอง,Rayong,ภาคตะวันออก,1017422.59,68257.84
2020,22,จันทบุรี,Chanthaburi,ภาคตะวันออก,152073.47,11069.41
2020,23,ตราด,Trat,ภาคตะวันออก,51282.89,3413.61
2020,24,ฉะเชิงเทรา,Chachoengsao,ภาคตะวันออก,360293.47,25632.9
2020,25,ปราจีนบุรี,Prachin Buri,ภาคตะวันออก,302216.02,20437.56
2020,27,สระแก้ว,Sa Kaeo,ภาคตะวันออก,69507.23,4958.87
2020,50,เชียงใหม่,Chiang Mai,ภาคเหนือ,256879.5,54955.24
2020,51,ลำพูน,Lamphun,ภาคเหนือ,88422.64,6026.95
2020,52,ลำปาง,Lampang,ภาคเหนือ,73671.36,5284.11
2020,53,อุตรดิตถ์,Uttaradit,ภาคเหนือ,41678.47,3019.38
2020,54,แพร่,Phrae,ภาคเหนือ,32965.53,2323.35
2020,55,น่าน,Nan,ภาคเหนือ,35070.09,2422.43
2020,56,พะเยา,Phayao,ภาคเหนือ,38178.04,2604.04
2020,57,เชียงราย,Chiang Rai,ภาคเหนือ,117807.58,8158.37
2020,58,แม่ฮ่องสอน,Mae Hong Son,ภาคเหนือ,15657.75,1110.42
2020,63,ตาก,Tak,ภาคตะวันตก,54592.27,3822.47
2020,70,ราชบุรี,Ratchaburi,ภาคตะวันตก,188460.46,13182.36
2020,71,กาญจนบุรี,Kanchanaburi,ภาคตะวันตก,109451.79,7832.06
2020,76,เพชรบุรี,Phetchaburi,ภาคตะวันตก,73538.92,4902.86
2020,77,ประจวบคีรีขันธ์,Prachuap Khiri Khan,ภาคตะวันตก,101756.18,6892.94
2020,80,นครศรีธรรมราช,Nakhon Si Thammarat,ภาคใต้,176485.55,12914.77
2020,81,กระบี่,Krabi,ภาคใต้,102846.33,22332.41
2020,82,พังงา,Phangnga,ภาคใต้,80310.18,18425.0
2020,83,ภูเก็ต,Phuket,ภาคใต้,230575.73,67573.98
2020,84,สุราษฎร์ธานี,Surat Thani,ภาคใต้,230621.46,52527.78
2020,85,ระนอง,Ranong,ภาคใต้,29622.92,2049.78
2020,86,ชุมพร,Chumphon,ภาคใต้,91841.08,6311.18
2020,90,สงขลา,Songkhla,ภาคใต้,256705.81,18071.48
2020,91,สตูล,Satun,ภาคใต้,37251.76,2658.74
2020,92,ตรัง,Trang,ภาคใต้,69566.41,4673.49
2020,93,พัทลุง,Phatthalung,ภาคใต้,41621.09,3056.25
2020,94,ปัตตานี,Pattani,ภาคใต้,50330.33,3529.58
2020,95,ยะลา,Yala,ภาคใต้,46946.11,3365.35
2020,96,นราธิวาส,Narathiwat,ภาคใต้,45641.37,3259.59
2020,30,นครราชสีมา,Nakhon Ratchasima,ภาคตะวันออกเฉียงเหนือ,306587.13,21018.12
2020,31,บุรีรัมย์,Buri Ram,ภาคตะวันออกเฉียงเหนือ,102419.39,7391.69
2020,32,สุรินทร์,Surin,ภาคตะวันออกเฉียงเหนือ,86032.93,6271.17
2020,33,ศรีสะเกษ,Si Sa Ket,ภาคตะวันออกเฉียงเหนือ,79042.85,5533.84
2020,34,อุบลราชธานี,Ubon Ratchathani,ภาคตะวันออกเฉียงเหนือ,131624.5,9351.89
2020,35,ยโสธร,Yasothon,ภาคตะวันออกเฉียงเหนือ,32052.37,2310.03
2020,36,ชัยภูมิ,Chaiyaphum,ภาคตะวันออกเฉียงเหนือ,72411.28,4986.67
2020,37,อำนาจเจริญ,Amnat Charoen,ภาคตะวันออกเฉียงเหนือ,22050.21,1480.85
2020,38,บึงกาฬ,Bueng Kan,ภาคตะวันออกเฉียงเหนือ,28028.99,1870.98
2020,39,หนองบัวลำภู,Nong Bua Lam Phu,ภาคตะวันออกเฉียงเหนือ,30789.57,2164.46
2020,40,ขอนแก่น,Khon Kaen,ภาคตะวันออกเฉียงเหนือ,219712.86,15519.6
2020,41,อุดรธานี,Udon Thani,ภาคตะวันออกเฉียงเหนือ,122902.71,8205.16
2020,42,เลย,Loei,ภาคตะวันออกเฉียงเหนือ,59531.91,4108.97
2020,43,หนองคาย,Nong Khai,ภาคตะวันออกเฉียงเหนือ,43659.84,3062.99
2020,44,มหาสารคาม,Maha Sarakham,ภาคตะวันออกเฉียงเหนือ,63303.86,4305.34
2020,45,ร้อยเอ็ด,Roi Et,ภาคตะวันออกเฉียงเหนือ,83268.31,5587.09
2020,46,กาฬสินธุ์,Kalasin,ภาคตะวันออกเฉียงเหนือ,60558.2,4252.37
2020,47,สกลนคร,Sakon Nakhon,ภาคตะวันออกเฉียงเหนือ,67554.63,4793.81
2020,48,นครพนม,Nakhon Phanom,ภาคตะวันออกเฉียงเหนือ,51527.32,3778.55
2020,49,มุกดาหาร,Mukdahan,ภาคตะวันออกเฉียงเหนือ,29887.97,2055.12
2021,10,กรุงเทพมหานคร,Bangkok,ภาคกลาง,5292865.94,1137745.52
2021,11,สมุทรปราการ,Samut Prakan,ภาคกลาง,807364.29,54133.13
2021,12,นนทบุรี,Nonthaburi,ภาคกลาง,329208.69,24110.76
2021,13,ปทุมธานี,Pathum Thani,ภาคกลาง,410108.44,29270.19
2021,14,พระนครศรีอยุธยา,Phra Nakhon Si Ayutthaya,ภาคกลาง,442532.46,29965.23
2021,15,อ่างทอง,Ang Thong,ภาคกลาง,31149.96,2126.04
2021,16,ลพบุรี,Lop Buri,ภาคกลาง,118673.22,8485.39
2021,17,สิงห์บุรี,Sing Buri,ภาคกลาง,30793.06,2108.08
2021,18,ชัยนาท,Chai Nat,ภาคกลาง,38188.41,2736.78
2021,19,สระบุรี,Saraburi,ภาคกลาง,257177.93,18203.58
2021,60,นครสวรรค์,Nakhon Sawan,ภาคกลาง,127897.36,8726.96
2021,61,อุทัยธานี,Uthai Thani,ภาคกลาง,35327.3,2536.67
2021,73,นครปฐม,Nakhon Pathom,ภาคกลาง,358096.45,24104.37
2021,74,สมุทรสาคร,Samut Sakhon,ภาคกลาง,416702.76,27829.54
2021,75,สมุทรสงคราม,Samut Songkhram,ภาคกลาง,29029.97,2073.48
2021,26,นครนายก,Nakhon Nayok,ภาคกลาง,33523.33,2252.26
2021,66,พิจิตร,Phichit,ภาคกลาง,53280.13,3719.72
2021,65,พิษณุโลก,Phitsanulok,ภาคกลาง,112021.27,7789.62
2021,67,เพชรบูรณ์,Phetchabun,ภาคกลาง,93384.33,6612.63
2021,62,กำแพงเพชร,Kamphaeng Phet,ภาคกลาง,124041.69,8288.11
2021,64,สุโขทัย,Sukhothai,ภาคกลาง,60887.08,4315.74
2021,72,สุพรรณบุรี,Suphan Buri,ภาคกลาง,100686.63,7299.32
2021,20,ชลบุรี,Chon Buri,ภาคตะวันออก,1092591.75,232268.13
2021,21,ระยอง,Rayong,ภาคตะวันออก,1018548.36,72313.81
2021,22,จันทบุรี,Chanthaburi,ภาคตะวันออก,154929.07,10938.06
2021,23,ตราด,Trat,ภาคตะวันออก,53232.16,3754.37
2021,24,ฉะเชิงเทรา,Chachoengsao,ภาคตะวันออก,373382.28,26511.27
2021,25,ปราจีนบุรี,Prachin Buri,ภาคตะวันออก,315312.58,22172.57
2021,27,สระแก้ว,Sa Kaeo,ภาคตะวันออก,72318.89,5004.66
2021,50,เชียงใหม่,Chiang Mai,ภาคเหนือ,266380.07,60979.12
2021,51,ลำพูน,Lamphun,ภาคเหนือ,88724.07,5943.23
2021,52,ลำปาง,Lampang,ภาคเหนือ,74785.38,4982.77
2021,53,อุตรดิตถ์,Uttaradit,ภาคเหนือ,41752.51,2976.16
2021,54,แพร่,Phrae,ภาคเหนือ,32982.4,2266.97
2021,55,น่าน,Nan,ภาคเหนือ,37022.78,2468.05
2021,56,พะเยา,Phayao,ภาคเหนือ,39976.61,2737.32
2021,57,เชียงราย,Chiang Rai,ภาคเหนือ,116631.02,8324.79
2021,58,แม่ฮ่องสอน,Mae Hong Son,ภาคเหนือ,15873.45,1153.08
2021,63,ตาก,Tak,ภาคตะวันตก,55791.71,4023.94
2021,70,ราชบุรี,Ratchaburi,ภาคตะวันตก,190786.97,12924.31
2021,71,กาญจนบุรี,Kanchanaburi,ภาคตะวันตก,114642.84,8271.23
2021,76,เพชรบุรี,Phetchaburi,ภาคตะวันตก,77490.12,5376.91
2021,77,ประจวบคีรีขันธ์,Prachuap Khiri Khan,ภาคตะวันตก,103104.46,7416.81
2021,80,นครศรีธรรมราช,Nakhon Si Thammarat,ภาคใต้,176528.69,12889.3
2021,81,กระบี่,Krabi,ภาคใต้,105120.76,22962.35
2021,82,พังงา,Phangnga,ภาคใต้,84736.87,19116.63
2021,83,ภูเก็ต,Phuket,ภาคใต้,233119.52,67901.07
2021,84,สุราษฎร์ธานี,Surat Thani,ภาคใต้,231993.73,52704.81
2021,85,ระนอง,Ranong,ภาคใต้,30376.76,2210.48
2021,86,ชุมพร,Chumphon,ภาคใต้,92366.81,6149.4
2021,90,สงขลา,Songkhla,ภาคใต้,270811.21,18182.0
2021,91,สตูล,Satun,ภาคใต้,37234.93,2723.75
2021,92,ตรัง,Trang,ภาคใต้,72344.88,5101.33
2021,93,พัทลุง,Phatthalung,ภาคใต้,42664.81,2971.14
2021,94,ปัตตานี,Pattani,ภาคใต้,51878.31,3569.26
2021,95,ยะลา,Yala,ภาคใต้,47702.93,3423.48
2021,96,นราธิวาส,Narathiwat,ภาคใต้,46930.04,3380.25
2021,30,นครราชสีมา,Nakhon Ratchasima,ภาคตะวันออกเฉียงเหนือ,310675.46,21735.15
2021,31,บุรีรัมย์,Buri Ram,ภาคตะวันออกเฉียงเหนือ,101800.9,7161.36
2021,32,สุรินทร์,Surin,ภาคตะวันออกเฉียงเหนือ,86652.86,6300.87
2021,33,ศรีสะเกษ,Si Sa Ket,ภาคตะวันออกเฉียงเหนือ,80451.36,5415.94
2021,34,อุบลราชธานี,Ubon Ratchathani,ภาคตะวันออกเฉียงเหนือ,131342.22,9434.39
2021,35,ยโสธร,Yasothon,ภาคตะวันออกเฉียงเหนือ,32725.02,2199.38
2021,36,ชัยภูมิ,Chaiyaphum,ภาคตะวันออกเฉียงเหนือ,71822.96,5128.65
2021,37,อำนาจเจริญ,Amnat Charoen,ภาคตะวันออกเฉียงเหนือ,22313.05,1612.19
2021,38,บึงกาฬ,Bueng Kan,ภาคตะวันออกเฉียงเหนือ,28859.13,1935.57
2021,39,หนองบัวลำภู,Nong Bua Lam Phu,ภาคตะวันออกเฉียงเหนือ,31059.5,2279.97
2021,40,ขอนแก่น,Khon Kaen,ภาคตะวันออกเฉียงเหนือ,225868.33,15606.26
2021,41,อุดรธานี,Udon Thani,ภาคตะวันออกเฉียงเหนือ,129915.41,9500.81
2021,42,เลย,Loei,ภาคตะวันออกเฉียงเหนือ,61377.43,4405.28
2021,43,หนองคาย,Nong Khai,ภาคตะวันออกเฉียงเหนือ,45177.28,3030.7
2021,44,มหาสารคาม,Maha Sarakham,ภาคตะวันออกเฉียงเหนือ,64866.21,4567.15
2021,45,ร้อยเอ็ด,Roi Et,ภาคตะวันออกเฉียงเหนือ,84624.71,6164.44
2021,46,กาฬสินธุ์,Kalasin,ภาคตะวันออกเฉียงเหนือ,62185.6,4349.78
2021,47,สกลนคร,Sakon Nakhon,ภาคตะวันออกเฉียงเหนือ,67739.58,4726.91
2021,48,นครพนม,Nakhon Phanom,ภาคตะวันออกเฉียงเหนือ,51382.59,3459.68
2021,49,มุกดาหาร,Mukdahan,ภาคตะวันออกเฉียงเหนือ,30128.9,2140.49
2022,10,กรุงเทพมหานคร,Bangkok,ภาคกลาง,5753573.63,1276338.9
2022,11,สมุทรปราการ,Samut Prakan,ภาคกลาง,897796.2,62059.35
2022,12,นนทบุรี,Nonthaburi,ภาคกลาง,362367.11,26300.68
2022,13,ปทุมธานี,Pathum Thani,ภาคกลาง,435876.99,31924.75
2022,14,พระนครศรีอยุธยา,Phra Nakhon Si Ayutthaya,ภาคกลาง,474310.19,34761.79
2022,15,อ่างทอง,Ang Thong,ภาคกลาง,33771.39,2456.46
2022,16,ลพบุรี,Lop Buri,ภาคกลาง,129142.94,9485.65
2022,17,สิงห์บุรี,Sing Buri,ภาคกลาง,32756.87,2305.33
2022,18,ชัยนาท,Chai Nat,ภาคกลาง,41616.84,2919.91
2022,19,สระบุรี,Saraburi,ภาคกลาง,280946.68,20051.23
2022,60,นครสวรรค์,Nakhon Sawan,ภาคกลาง,139495.88,9889.27
2022,61,อุทัยธานี,Uthai Thani,ภาคกลาง,38830.52,2827.18
2022,73,นครปฐม,Nakhon Pathom,ภาคกลาง,390518.05,26737.5
2022,74,สมุทรสาคร,Samut Sakhon,ภาคกลาง,470578.11,34226.01
2022,75,สมุทรสงคราม,Samut Songkhram,ภาคกลาง,31119.7,2204.55
2022,26,นครนายก,Nakhon Nayok,ภาคกลาง,36224.53,2456.63
2022,66,พิจิตร,Phichit,ภาคกลาง,57965.71,3998.1
2022,65,พิษณุโลก,Phitsanulok,ภาคกลาง,124038.68,8316.07
2022,67,เพชรบูรณ์,Phetchabun,ภาคกลาง,104062.9,7638.58
2022,62,กำแพงเพชร,Kamphaeng Phet,ภาคกลาง,135440.12,9515.03
2022,64,สุโขทัย,Sukhothai,ภาคกลาง,66142.2,4775.24
2022,72,สุพรรณบุรี,Suphan Buri,ภาคกลาง,110460.23,7471.34
2022,20,ชลบุรี,Chon Buri,ภาคตะวันออก,1201936.86,272954.84
2022,21,ระยอง,Rayong,ภาคตะวันออก,1149058.47,82249.65
2022,22,จันทบุรี,Chanthaburi,ภาคตะวันออก,172780.3,11995.74
2022,23,ตราด,Trat,ภาคตะวันออก,57961.19,4205.81
2022,24,ฉะเชิงเทรา,Chachoengsao,ภาคตะวันออก,401068.87,26745.1
2022,25,ปราจีนบุรี,Prachin Buri,ภาคตะวันออก,342300.14,24705.13
2022,27,สระแก้ว,Sa Kaeo,ภาคตะวันออก,78908.61,5330.51
2022,50,เชียงใหม่,Chiang Mai,ภาคเหนือ,285947.62,62159.18
2022,51,ลำพูน,Lamphun,ภาคเหนือ,99663.78,7215.14
2022,52,ลำปาง,Lampang,ภาคเหนือ,83895.21,5854.28
2022,53,อุตรดิตถ์,Uttaradit,ภาคเหนือ,46067.5,3151.66
2022,54,แพร่,Phrae,ภาคเหนือ,35901.42,2604.76
2022,55,น่าน,Nan,ภาคเหนือ,40272.83,2959.97
2022,56,พะเยา,Phayao,ภาคเหนือ,43854.22,3086.81
2022,57,เชียงราย,Chiang Rai,ภาคเหนือ,130387.98,9533.1
2022,58,แม่ฮ่องสอน,Mae Hong Son,ภาคเหนือ,17440.56,1189.99
2022,63,ตาก,Tak,ภาคตะวันตก,60080.91,4049.7
2022,70,ราชบุรี,Ratchaburi,ภาคตะวันตก,213432.22,15098.88
2022,71,กาญจนบุรี,Kanchanaburi,ภาคตะวันตก,122283.14,8706.79
2022,76,เพชรบุรี,Phetchaburi,ภาคตะวันตก,83166.12,5739.06
2022,77,ประจวบคีรีขันธ์,Prachuap Khiri Khan,ภาคตะวันตก,111130.21,7912.58
2022,80,นครศรีธรรมราช,Nakhon Si Thammarat,ภาคใต้,193657.18,13925.16
2022,81,กระบี่,Krabi,ภาคใต้,112966.04,25727.79
2022,82,พังงา,Phangnga,ภาคใต้,91564.72,20266.99
2022,83,ภูเก็ต,Phuket,ภาคใต้,261887.07,72620.64
2022,84,สุราษฎร์ธานี,Surat Thani,ภาคใต้,248926.72,52183.31
2022,85,ระนอง,Ranong,ภาคใต้,33665.1,2384.91
2022,86,ชุมพร,Chumphon,ภาคใต้,101874.89,6926.55
2022,90,สงขลา,Songkhla,ภาคใต้,286028.27,19050.0
2022,91,สตูล,Satun,ภาคใต้,40605.86,2867.97
2022,92,ตรัง,Trang,ภาคใต้,77066.39,5360.92
2022,93,พัทลุง,Phatthalung,ภาคใต้,46972.29,3238.17
2022,94,ปัตตานี,Pattani,ภาคใต้,57006.88,4103.67
2022,95,ยะลา,Yala,ภาคใต้,51386.46,3640.97
2022,96,นราธิวาส,Narathiwat,ภาคใต้,51257.34,3749.3
2022,30,นครราชสีมา,Nakhon Ratchasima,ภาคตะวันออกเฉียงเหนือ,339143.73,24752.78
2022,31,บุรีรัมย์,Buri Ram,ภาคตะวันออกเฉียงเหนือ,112839.41,7707.8
2022,32,สุรินทร์,Surin,ภาคตะวันออกเฉียงเหนือ,94445.37,6928.53
2022,33,ศรีสะเกษ,Si Sa Ket,ภาคตะวันออกเฉียงเหนือ,88123.97,6063.04
2022,34,อุบลราชธานี,Ubon Ratchathani,ภาคตะวันออกเฉียงเหนือ,145899.39,9947.57
2022,35,ยโสธร,Yasothon,ภาคตะวันออกเฉียงเหนือ,34873.15,2350.53
2022,36,ชัยภูมิ,Chaiyaphum,ภาคตะวันออกเฉียงเหนือ,78366.44,5294.7
2022,37,อำนาจเจริญ,Amnat Charoen,ภาคตะวันออกเฉียงเหนือ,24367.8,1729.78
2022,38,บึงกาฬ,Bueng Kan,ภาคตะวันออกเฉียงเหนือ,30778.3,2121.23
2022,39,หนองบัวลำภู,Nong Bua Lam Phu,ภาคตะวันออกเฉียงเหนือ,34945.98,2439.85
2022,40,ขอนแก่น,Khon Kaen,ภาคตะวันออกเฉียงเหนือ,248907.15,16852.57
2022,41,อุดรธานี,Udon Thani,ภาคตะวันออกเฉียงเหนือ,138029.9,9218.48
2022,42,เลย,Loei,ภาคตะวันออกเฉียงเหนือ,64706.62,4429.18
2022,43,หนองคาย,Nong Khai,ภาคตะวันออกเฉียงเหนือ,48811.13,3276.25
2022,44,มหาสารคาม,Maha Sarakham,ภาคตะวันออกเฉียงเหนือ,68814.68,4798.13
2022,45,ร้อยเอ็ด,Roi Et,ภาคตะวันออกเฉียงเหนือ,91364.02,6308.68
2022,46,กาฬสินธุ์,Kalasin,ภาคตะวันออกเฉียงเหนือ,68809.4,4908.36
2022,47,สกลนคร,Sakon Nakhon,ภาคตะวันออกเฉียงเหนือ,73863.33,5325.24
2022,48,นครพนม,Nakhon Phanom,ภาคตะวันออกเฉียงเหนือ,57266.48,3841.0
2022,49,มุกดาหาร,Mukdahan,ภาคตะวันออกเฉียงเหนือ,33822.98,2467.25
2023,10,กรุงเทพมหานคร,Bangkok,ภาคกลาง,5727643.38,1231966.31
2023,11,สมุทรปราการ,Samut Prakan,ภาคกลาง,913047.74,65500.05
2023,12,นนทบุรี,Nonthaburi,ภาคกลาง,369280.43,25098.31
2023,13,ปทุมธานี,Pathum Thani,ภาคกลาง,448663.32,31357.82
2023,14,พระนครศรีอยุธยา,Phra Nakhon Si Ayutthaya,ภาคกลาง,497341.44,34357.54
2023,15,อ่างทอง,Ang Thong,ภาคกลาง,35147.25,2521.19
2023,16,ลพบุรี,Lop Buri,ภาคกลาง,129553.69,8844.25
2023,17,สิงห์บุรี,Sing Buri,ภาคกลาง,34391.01,2502.51
2023,18,ชัยนาท,Chai Nat,ภาคกลาง,41819.52,2936.77
2023,19,สระบุรี,Saraburi,ภาคกลาง,281506.05,19601.8
2023,60,นครสวรรค์,Nakhon Sawan,ภาคกลาง,143186.57,9764.94
2023,61,อุทัยธานี,Uthai Thani,ภาคกลาง,39234.48,2712.71
2023,73,นครปฐม,Nakhon Pathom,ภาคกลาง,399186.76,27445.91
2023,74,สมุทรสาคร,Samut Sakhon,ภาคกลาง,467540.6,32163.28
2023,75,สมุทรสงคราม,Samut Songkhram,ภาคกลาง,31414.82,2284.92
2023,26,นครนายก,Nakhon Nayok,ภาคกลาง,37540.01,2674.87
2023,66,พิจิตร,Phichit,ภาคกลาง,60087.07,4205.44
2023,65,พิษณุโลก,Phitsanulok,ภาคกลาง,124409.82,8741.0
2023,67,เพชรบูรณ์,Phetchabun,ภาคกลาง,104863.0,7520.57
2023,62,กำแพงเพชร,Kamphaeng Phet,ภาคกลาง,137124.13,9241.22
2023,64,สุโขทัย,Sukhothai,ภาคกลาง,67610.14,4667.91
2023,72,สุพรรณบุรี,Suphan Buri,ภาคกลาง,112854.88,7955.76
2023,20,ชลบุรี,Chon Buri,ภาคตะวันออก,1203035.08,277544.21
2023,21,ระยอง,Rayong,ภาคตะวันออก,1159886.8,79058.57
2023,22,จันทบุรี,Chanthaburi,ภาคตะวันออก,173196.55,11702.89
2023,23,ตราด,Trat,ภาคตะวันออก,57707.57,3902.46
2023,24,ฉะเชิงเทรา,Chachoengsao,ภาคตะวันออก,412759.4,28272.23
2023,25,ปราจีนบุรี,Prachin Buri,ภาคตะวันออก,347401.1,25282.93
2023,27,สระแก้ว,Sa Kaeo,ภาคตะวันออก,77870.18,5464.27
2023,50,เชียงใหม่,Chiang Mai,ภาคเหนือ,290455.23,66982.56
2023,51,ลำพูน,Lamphun,ภาคเหนือ,98546.6,6827.8
2023,52,ลำปาง,Lampang,ภาคเหนือ,86290.57,6261.12
2023,53,อุตรดิตถ์,Uttaradit,ภาคเหนือ,47899.9,3271.82
2023,54,แพร่,Phrae,ภาคเหนือ,36907.65,2627.11
2023,55,น่าน,Nan,ภาคเหนือ,41399.02,2914.38
2023,56,พะเยา,Phayao,ภาคเหนือ,44126.04,3020.86
2023,57,เชียงราย,Chiang Rai,ภาคเหนือ,133422.92,9047.32
2023,58,แม่ฮ่องสอน,Mae Hong Son,ภาคเหนือ,17475.87,1214.19
2023,63,ตาก,Tak,ภาคตะวันตก,61618.75,4202.21
2023,70,ราชบุรี,Ratchaburi,ภาคตะวันตก,211195.3,14947.21
2023,71,กาญจนบุรี,Kanchanaburi,ภาคตะวันตก,125430.47,8851.46
2023,76,เพชรบุรี,Phetchaburi,ภาคตะวันตก,83528.98,5836.0
2023,77,ประจวบคีรีขันธ์,Prachuap Khiri Khan,ภาคตะวันตก,115650.56,7732.72
2023,80,นครศรีธรรมราช,Nakhon Si Thammarat,ภาคใต้,196705.91,13266.02
2023,81,กระบี่,Krabi,ภาคใต้,113482.79,26189.46
2023,82,พังงา,Phangnga,ภาคใต้,92835.6,21056.71
2023,83,ภูเก็ต,Phuket,ภาคใต้,261409.01,74523.02
2023,84,สุราษฎร์ธานี,Surat Thani,ภาคใต้,261190.76,58011.53
2023,85,ระนอง,Ranong,ภาคใต้,34061.23,2363.27
2023,86,ชุมพร,Chumphon,ภาคใต้,102774.92,7503.26
2023,90,สงขลา,Songkhla,ภาคใต้,300927.76,22044.52
2023,91,สตูล,Satun,ภาคใต้,41171.82,2948.56
2023,92,ตรัง,Trang,ภาคใต้,80588.66,5461.38
2023,93,พัทลุง,Phatthalung,ภาคใต้,46479.81,3332.04
2023,94,ปัตตานี,Pattani,ภาคใต้,58473.67,4233.07
2023,95,ยะลา,Yala,ภาคใต้,52039.2,3750.3
2023,96,นราธิวาส,Narathiwat,ภาคใต้,51082.97,3455.54
2023,30,นครราชสีมา,Nakhon Ratchasima,ภาคตะวันออกเฉียงเหนือ,347272.86,25073.8
2023,31,บุรีรัมย์,Buri Ram,ภาคตะวันออกเฉียงเหนือ,116263.21,8157.2
2023,32,สุรินทร์,Surin,ภาคตะวันออกเฉียงเหนือ,96253.39,6991.89
2023,33,ศรีสะเกษ,Si Sa Ket,ภาคตะวันออกเฉียงเหนือ,89811.94,6485.88
2023,34,อุบลราชธานี,Ubon Ratchathani,ภาคตะวันออกเฉียงเหนือ,148138.46,10242.09
2023,35,ยโสธร,Yasothon,ภาคตะวันออกเฉียงเหนือ,36245.81,2486.81
2023,36,ชัยภูมิ,Chaiyaphum,ภาคตะวันออกเฉียงเหนือ,82206.22,5756.0
2023,37,อำนาจเจริญ,Amnat Charoen,ภาคตะวันออกเฉียงเหนือ,25029.0,1822.04
2023,38,บึงกาฬ,Bueng Kan,ภาคตะวันออกเฉียงเหนือ,31751.85,2232.31
2023,39,หนองบัวลำภู,Nong Bua Lam Phu,ภาคตะวันออกเฉียงเหนือ,35772.31,2535.17
2023,40,ขอนแก่น,Khon Kaen,ภาคตะวันออกเฉียงเหนือ,249123.01,18205.62
2023,41,อุดรธานี,Udon Thani,ภาคตะวันออกเฉียงเหนือ,143730.49,9895.03
2023,42,เลย,Loei,ภาคตะวันออกเฉียงเหนือ,66131.81,4765.34
2023,43,หนองคาย,Nong Khai,ภาคตะวันออกเฉียงเหนือ,50843.03,3570.92
2023,44,มหาสารคาม,Maha Sarakham,ภาคตะวันออกเฉียงเหนือ,72626.53,5230.58
2023,45,ร้อยเอ็ด,Roi Et,ภาคตะวันออกเฉียงเหนือ,93281.94,6406.8
2023,46,กาฬสินธุ์,Kalasin,ภาคตะวันออกเฉียงเหนือ,69691.75,4997.43
2023,47,สกลนคร,Sakon Nakhon,ภาคตะวันออกเฉียงเหนือ,75563.28,5326.4
2023,48,นครพนม,Nakhon Phanom,ภาคตะวันออกเฉียงเหนือ,58912.05,4279.22
2023,49,มุกดาหาร,Mukdahan,ภาคตะวันออกเฉียงเหนือ,33884.6,2448.12
2024,10,กรุงเทพมหานคร,Bangkok,ภาคกลาง,5869635.67,1336057.92
2024,11,สมุทรปราการ,Samut Prakan,ภาคกลาง,908754.33,62959.42
2024,12,นนทบุรี,Nonthaburi,ภาคกลาง,387048.62,26144.91
2024,13,ปทุมธานี,Pathum Thani,ภาคกลาง,456254.69,32647.65
2024,14,พระนครศรีอยุธยา,Phra Nakhon Si Ayutthaya,ภาคกลาง,510705.74,36254.0
2024,15,อ่างทอง,Ang Thong,ภาคกลาง,36279.29,2550.4
2024,16,ลพบุรี,Lop Buri,ภาคกลาง,133659.71,9211.81
2024,17,สิงห์บุรี,Sing Buri,ภาคกลาง,34430.83,2508.6
2024,18,ชัยนาท,Chai Nat,ภาคกลาง,42892.6,2972.71
2024,19,สระบุรี,Saraburi,ภาคกลาง,292055.47,21358.3
2024,60,นครสวรรค์,Nakhon Sawan,ภาคกลาง,144222.11,10182.6
2024,61,อุทัยธานี,Uthai Thani,ภาคกลาง,40509.54,2867.27
2024,73,นครปฐม,Nakhon Pathom,ภาคกลาง,408226.53,29639.23
2024,74,สมุทรสาคร,Samut Sakhon,ภาคกลาง,492111.49,34672.17
2024,75,สมุทรสงคราม,Samut Songkhram,ภาคกลาง,32881.63,2398.96
2024,26,นครนายก,Nakhon Nayok,ภาคกลาง,38567.08,2605.89
2024,66,พิจิตร,Phichit,ภาคกลาง,60935.38,4311.0
2024,65,พิษณุโลก,Phitsanulok,ภาคกลาง,128982.38,9242.25
2024,67,เพชรบูรณ์,Phetchabun,ภาคกลาง,108731.92,7935.14
2024,62,กำแพงเพชร,Kamphaeng Phet,ภาคกลาง,140348.47,9444.42
2024,64,สุโขทัย,Sukhothai,ภาคกลาง,71102.71,5145.87
2024,72,สุพรรณบุรี,Suphan Buri,ภาคกลาง,113027.2,8244.87
2024,20,ชลบุรี,Chon Buri,ภาคตะวันออก,1255809.87,276798.63
2024,21,ระยอง,Rayong,ภาคตะวันออก,1185562.76,82151.22
2024,22,จันทบุรี,Chanthaburi,ภาคตะวันออก,176794.28,12171.65
2024,23,ตราด,Trat,ภาคตะวันออก,60347.31,4015.05
2024,24,ฉะเชิงเทรา,Chachoengsao,ภาคตะวันออก,424652.84,29423.0
2024,25,ปราจีนบุรี,Prachin Buri,ภาคตะวันออก,360538.5,26297.31
2024,27,สระแก้ว,Sa Kaeo,ภาคตะวันออก,80502.16,5548.91
2024,50,เชียงใหม่,Chiang Mai,ภาคเหนือ,300957.2,65894.22
2024,51,ลำพูน,Lamphun,ภาคเหนือ,101247.26,7053.6
2024,52,ลำปาง,Lampang,ภาคเหนือ,85380.57,5783.23
2024,53,อุตรดิตถ์,Uttaradit,ภาคเหนือ,48371.84,3358.58
2024,54,แพร่,Phrae,ภาคเหนือ,38884.71,2684.47
2024,55,น่าน,Nan,ภาคเหนือ,41759.18,2961.81
2024,56,พะเยา,Phayao,ภาคเหนือ,44123.57,3139.16
2024,57,เชียงราย,Chiang Rai,ภาคเหนือ,133261.39,9758.4
2024,58,แม่ฮ่องสอน,Mae Hong Son,ภาคเหนือ,17747.04,1231.69
2024,63,ตาก,Tak,ภาคตะวันตก,61955.08,4552.34
2024,70,ราชบุรี,Ratchaburi,ภาคตะวันตก,219394.26,15504.09
2024,71,กาญจนบุรี,Kanchanaburi,ภาคตะวันตก,127134.62,9121.87
2024,76,เพชรบุรี,Phetchaburi,ภาคตะวันตก,85619.82,6231.96
2024,77,ประจวบคีรีขันธ์,Prachuap Khiri Khan,ภาคตะวันตก,116731.78,7918.48
2024,80,นครศรีธรรมราช,Nakhon Si Thammarat,ภาคใต้,198746.05,13873.36
2024,81,กระบี่,Krabi,ภาคใต้,118431.37,24923.36
2024,82,พังงา,Phangnga,ภาคใต้,96678.89,21170.0
2024,83,ภูเก็ต,Phuket,ภาคใต้,270263.41,75225.48
2024,84,สุราษฎร์ธานี,Surat Thani,ภาคใต้,263325.57,58277.13
2024,85,ระนอง,Ranong,ภาคใต้,34394.06,2331.01
2024,86,ชุมพร,Chumphon,ภาคใต้,107280.35,7844.64
2024,90,สงขลา,Songkhla,ภาคใต้,302210.71,20669.77
2024,91,สตูล,Satun,ภาคใต้,42996.24,2982.27
2024,92,ตรัง,Trang,ภาคใต้,79462.25,5371.1
2024,93,พัทลุง,Phatthalung,ภาคใต้,48792.91,3469.78
2024,94,ปัตตานี,Pattani,ภาคใต้,58497.12,3980.95
2024,95,ยะลา,Yala,ภาคใต้,53419.12,3803.61
2024,96,นราธิวาส,Narathiwat,ภาคใต้,51859.19,3486.43
2024,30,นครราชสีมา,Nakhon Ratchasima,ภาคตะวันออกเฉียงเหนือ,364318.79,24682.53
2024,31,บุรีรัมย์,Buri Ram,ภาคตะวันออกเฉียงเหนือ,118846.73,8101.46
2024,32,สุรินทร์,Surin,ภาคตะวันออกเฉียงเหนือ,97413.79,6643.84
2024,33,ศรีสะเกษ,Si Sa Ket,ภาคตะวันออกเฉียงเหนือ,93070.16,6746.64
2024,34,อุบลราชธานี,Ubon Ratchathani,ภาคตะวันออกเฉียงเหนือ,153881.09,10660.93
2024,35,ยโสธร,Yasothon,ภาคตะวันออกเฉียงเหนือ,37374.61,2539.04
2024,36,ชัยภูมิ,Chaiyaphum,ภาคตะวันออกเฉียงเหนือ,82561.18,6008.34
2024,37,อำนาจเจริญ,Amnat Charoen,ภาคตะวันออกเฉียงเหนือ,25370.96,1702.35
2024,38,บึงกาฬ,Bueng Kan,ภาคตะวันออกเฉียงเหนือ,32243.79,2150.2
2024,39,หนองบัวลำภู,Nong Bua Lam Phu,ภาคตะวันออกเฉียงเหนือ,35541.27,2508.55
2024,40,ขอนแก่น,Khon Kaen,ภาคตะวันออกเฉียงเหนือ,257936.74,18764.56
2024,41,อุดรธานี,Udon Thani,ภาคตะวันออกเฉียงเหนือ,148107.04,10203.5
2024,42,เลย,Loei,ภาคตะวันออกเฉียงเหนือ,67964.62,4700.29
2024,43,หนองคาย,Nong Khai,ภาคตะวันออกเฉียงเหนือ,51936.91,3551.26
2024,44,มหาสารคาม,Maha Sarakham,ภาคตะวันออกเฉียงเหนือ,73488.14,5097.57
2024,45,ร้อยเอ็ด,Roi Et,ภาคตะวันออกเฉียงเหนือ,96951.42,6743.25
2024,46,กาฬสินธุ์,Kalasin,ภาคตะวันออกเฉียงเหนือ,71408.06,5222.73
2024,47,สกลนคร,Sakon Nakhon,ภาคตะวันออกเฉียงเหนือ,79580.36,5370.15
2024,48,นครพนม,Nakhon Phanom,ภาคตะวันออกเฉียงเหนือ,60503.8,4229.94
2024,49,มุกดาหาร,Mukdahan,ภาคตะวันออกเฉียงเหนือ,35425.4,2554.14
